CMS10,01/11/15,3
CMS10,02/11/15,3
CMS10,03/11/15,3
CMS10,04/11/15,3
CMS10,05/11/15,3
CMS10,06/11/15,3
CMS10,07/11/15,3
CMS10,08/11/15,3
CMS10,09/11/15,3
CMS10,10/11/15,3
CMS10,11/11/15,3
CMS10,12/11/15,3
CMS10,13/11/15,3
CMS10,14/11/15,3
CMS10,15/11/15,3
CMS10,16/11/15,3
CMS10,17/11/15,3
CMS10,18/11/15,3
CMS10,19/11/15,3
CMS10,20/11/15,3
CMS10,21/11/15,3
CMS10,22/11/15,3
CMS10,23/11/15,3
CMS10,24/11/15,3
CMS10,25/11/15,3
CMS10,26/11/15,3
CMS10,27/11/15,3
CMS10,28/11/15,3
CMS10,29/11/15,3
CMS10,30/11/15,3
CMS10,01/12/15,3
CMS10,02/12/15,3
CMS10,03/12/15,3
CMS10,04/12/15,3
CMS10,05/12/15,3
CMS10,06/12/15,3
CMS10,07/12/15,3
CMS10,08/12/15,3
CMS10,09/12/15,3
CMS10,10/12/15,3
CMS10,11/12/15,3
CMS10,12/12/15,3
CMS10,13/12/15,3
CMS10,14/12/15,3
CMS10,15/12/15,3
CMS10,16/12/15,3
CMS10,17/12/15,3
CMS10,18/12/15,3
CMS10,19/12/15,3
CMS10,20/12/15,3
CMS10,21/12/15,3
CMS10,22/12/15,3
CMS10,23/12/15,3
CMS10,24/12/15,3
CMS10,25/12/15,3
CMS10,26/12/15,3
CMS10,27/12/15,3
CMS10,28/12/15,3
CMS10,29/12/15,3
CMS10,30/12/15,3
CMS10,31/12/15,3
CMS10,01/01/16,3
CMS10,02/01/16,3
CMS10,03/01/16,3
CMS10,04/01/16,3
CMS10,05/01/16,3
CMS10,06/01/16,3
CMS10,07/01/16,3
CMS10,08/01/16,3
CMS10,09/01/16,3
CMS10,10/01/16,3
CMS10,11/01/16,3
CMS10,12/01/16,3
CMS10,13/01/16,3
CMS10,14/01/16,3
CMS10,15/01/16,3
CMS10,16/01/16,3
CMS10,17/01/16,3
CMS10,18/01/16,3
CMS10,19/01/16,3
CMS10,20/01/16,3
CMS10,21/01/16,3
CMS10,22/01/16,3
CMS10,23/01/16,3
CMS10,24/01/16,3
CMS10,25/01/16,3
CMS10,26/01/16,3
CMS10,27/01/16,3
CMS10,28/01/16,3
CMS10,29/01/16,3
CMS10,30/01/16,3
CMS10,31/01/16,3
CMS10,01/02/16,3
CMS10,02/02/16,3
CMS10,03/02/16,3
CMS10,04/02/16,3
CMS10,05/02/16,3
CMS10,06/02/16,3
CMS10,07/02/16,3
CMS10,08/02/16,3
CMS10,09/02/16,3
CMS10,10/02/16,3
CMS10,11/02/16,3
CMS10,12/02/16,3
CMS10,13/02/16,3
CMS10,14/02/16,3
CMS10,15/02/16,3
CMS10,16/02/16,3
CMS10,17/02/16,3
CMS10,18/02/16,3
CMS10,19/02/16,3
CMS10,20/02/16,3
CMS10,21/02/16,3
CMS10,22/02/16,3
CMS10,23/02/16,3
CMS10,24/02/16,3
CMS10,25/02/16,3
CMS10,26/02/16,3
CMS10,27/02/16,3
CMS10,28/02/16,3
CMS10,29/02/16,3
CMS10,01/03/16,3
CMS10,02/03/16,3
CMS10,03/03/16,3
CMS10,04/03/16,3
CMS10,05/03/16,3
CMS10,06/03/16,3
CMS10,07/03/16,3
CMS10,08/03/16,3
CMS10,09/03/16,3
CMS10,10/03/16,3
CMS10,11/03/16,3
CMS10,12/03/16,3
CMS10,13/03/16,3
CMS10,14/03/16,3
CMS10,15/03/16,3
CMS10,16/03/16,3
CMS10,17/03/16,3
CMS10,18/03/16,3
CMS10,19/03/16,3
CMS10,20/03/16,3
CMS10,21/03/16,3
CMS10,22/03/16,3
CMS10,23/03/16,3
CMS10,24/03/16,3
CMS10,25/03/16,3
CMS10,26/03/16,3
CMS10,27/03/16,3
CMS10,28/03/16,3
CMS10,29/03/16,3
CMS10,30/03/16,3
CMS10,31/03/16,3
CMS10,01/04/16,3
CMS10,02/04/16,3
CMS10,03/04/16,3
CMS10,04/04/16,3
CMS10,05/04/16,4
CMS10,06/04/16,4
CMS10,07/04/16,4
CMS10,08/04/16,4
CMS10,09/04/16,4
CMS10,10/04/16,4
CMS10,11/04/16,4
CMS10,12/04/16,4
CMS10,13/04/16,4
CMS10,14/04/16,4
CMS10,15/04/16,4
CMS10,16/04/16,4
CMS10,17/04/16,4
CMS10,18/04/16,4
CMS10,19/04/16,4
CMS10,20/04/16,4
CMS10,21/04/16,4
CMS10,22/04/16,4
CMS10,23/04/16,4
CMS10,24/04/16,4
CMS10,25/04/16,4
CMS10,26/04/16,4
CMS10,27/04/16,4
CMS10,28/04/16,4
CMS10,29/04/16,4
CMS10,30/04/16,4
CMS10,01/05/16,4
CMS10,02/05/16,4
CMS10,03/05/16,4
CMS10,04/05/16,4
CMS10,05/05/16,4
CMS10,06/05/16,4
CMS10,07/05/16,4
CMS10,08/05/16,4
CMS10,09/05/16,4
CMS10,10/05/16,4
CMS10,11/05/16,4
CMS10,12/05/16,4
CMS10,13/05/16,4
CMS10,14/05/16,4
CMS10,15/05/16,4
CMS10,16/05/16,4
CMS10,17/05/16,4
CMS10,18/05/16,4
CMS10,19/05/16,4
CMS10,20/05/16,4
CMS10,21/05/16,4
CMS10,22/05/16,4
CMS10,23/05/16,4
CMS10,24/05/16,4
CMS10,25/05/16,4
CMS10,26/05/16,4
CMS10,27/05/16,4
CMS10,28/05/16,4
CMS10,29/05/16,4
CMS10,30/05/16,4
CMS10,31/05/16,4
CMS10,01/06/16,4
CMS10,02/06/16,4
CMS10,03/06/16,4
CMS10,04/06/16,4
CMS10,05/06/16,4
CMS10,06/06/16,4
CMS10,07/06/16,4
CMS10,08/06/16,4
CMS10,09/06/16,4
CMS10,10/06/16,4
CMS10,11/06/16,4
CMS10,12/06/16,4
CMS10,13/06/16,4
CMS10,14/06/16,4
CMS10,15/06/16,4
CMS10,16/06/16,4
CMS10,17/06/16,4
CMS10,18/06/16,4
CMS10,19/06/16,4
CMS10,20/06/16,4
CMS10,21/06/16,4
CMS10,22/06/16,4
CMS10,23/06/16,4
CMS10,24/06/16,4
CMS10,25/06/16,4
CMS10,26/06/16,4
CMS10,27/06/16,4
CMS10,28/06/16,4
CMS10,29/06/16,4
CMS10,30/06/16,4
CMS10,01/07/16,4
CMS10,02/07/16,4
CMS10,03/07/16,4
CMS10,04/07/16,4
CMS10,05/07/16,4
CMS10,06/07/16,4
CMS10,07/07/16,4
CMS10,08/07/16,4
CMS10,09/07/16,4
CMS10,10/07/16,4
CMS10,11/07/16,4
CMS10,12/07/16,4
CMS10,13/07/16,5
CMS10,14/07/16,5
CMS10,15/07/16,5
CMS10,16/07/16,5
CMS10,17/07/16,5
CMS10,18/07/16,5
CMS10,19/07/16,5
CMS10,20/07/16,5
CMS10,21/07/16,5
CMS10,22/07/16,5
CMS10,23/07/16,5
CMS10,24/07/16,5
CMS10,25/07/16,5
CMS10,26/07/16,5
CMS10,27/07/16,5
CMS10,28/07/16,5
CMS10,29/07/16,5
CMS10,30/07/16,5
CMS10,31/07/16,5
CMS10,01/08/16,5
CMS10,02/08/16,5
CMS10,03/08/16,5